{"accuracy": [0.971818745136261, 0.9760864973068237, 0.9798847436904907, 0.9830002188682556, 0.9832136034965515, 0.9861868023872375, 0.9874813556671143, 0.9877516031265259, 0.9892311096191406, 0.9898996949195862], "loss": [0.08603610843420029, 0.07157645374536514, 0.05937990918755531, 0.05407005548477173, 0.051785558462142944, 0.04449707269668579, 0.040145277976989746, 0.03963788226246834, 0.034514885395765305, 0.031912729144096375], "val_accuracy": [0.9616435170173645, 0.9505463242530823, 0.9578875303268433, 0.9675620198249817, 0.9681880474090576, 0.9380264282226562, 0.9721716642379761, 0.967391312122345, 0.9669929146766663, 0.9734236001968384], "val_loss": [0.12381274998188019, 0.16444340348243713, 0.13202379643917084, 0.11374574154615402, 0.11497575044631958, 0.22857049107551575, 0.1016405001282692, 0.11462259292602539, 0.1202041357755661, 0.09891783446073532]}